"id","videoId","titulo","canal","clase","vistas","grado","betweenness","closeness","comunidad"
"1","-EEKKy2cuL4","estoicismo sobre SALUD MENTAL #filosofíaestoica #citas #estoicismo","Otro","Informal",1546,70,435.7,0.0144062714058042,1
"2","-PVPan5EogA","La importancia del sueño reparador en la salud mental","Otro","Informal",1362,8,0,0.144461287048014,2
"3","-VXJ6q-dzXA","Hablemos de salud mental","Otro","Informal",13029,70,435.7,0.0144062714058042,1
"4","-XF2inBEAgc","SALUD MENTAL Z | Cero Miligramos con Santi Talledo","Otro","Informal",255307,70,435.7,0.0144062714058042,1
"5","-dNcx5titTE","Tu salud mental importa, no estás solo.#Ansiedad #SaludMental #NoEstasSolo #Bienestar #Cuidate","Otro","Informal",1206,6,105,0.0289090562163957,3
"6","-kHw8PdKT9w","Módulo 2 - Reconociendo la importancia de la salud mental","Otro","Informal",28,8,0,0.144461287048014,2
"7","-qgq6jbqjX8","Alimentos Para Mejorar Tu SALUD Mental 🧠 #salud #vidasaludable #nutricion #alimentacion #consejos","Otro","Informal",52984,6,0.2,0.166666666666667,4
"8","-wjD4eEbs80","Ángel Martín e Inés Martín Rodrigo, por la salud mental","Otro","Informal",3825,70,435.7,0.0144062714058042,1
"9","0A-lEiRuvIc","Ibero Puebla: Urge reforzar salud mental en universidades","Otro","Informal",845,68,403.2,0.0140028147075596,1
"10","0DkFDOIisOw","Salud emocional y las cinco heridas - Satori en Vos (Marietta Rodríguez)","Otro","Informal",625,6,2,0.0861185370628682,5
"11","0cAxYMEf72g","Medicación para Salud Mental❌ (ALTERNATIVA EXPLICADA✅🧠🔋) #trauma #psicologia #salud #saludmental","Otro","Informal",247730,5,0,0.111851914206861,6
"12","0i5RvZCIk20","la ansiedad del domingo por la tarde","Otro","Informal",848,6,0.25,0.0199290965051105,7
"13","23PfkiG3mdQ","Descansar es esencial para una buena salud mental","Otro","Informal",135,5,0,0.00743968940112099,1
"14","2Y7W09TG5SY","Cuba bajo apagones,el nuevo reto para la salud mental","Otro","Informal",107943,5,0,0.00743968940112099,1
"15","2dEf0tx8TqQ","La salud mental de los universitarios | Sana Mente","Otro","Informal",7699,8,0,0.144461287048014,2
"16","2eQGcYotnp0","V. Completa. Una mirada a la salud mental de los jóvenes. Montserrat Dolz, psiquiatra","Otro","Informal",285178,6,0,0.0198610464714956,7
"17","3TMlPQG_Gfs","Un cerebro bien ordenado para una buena salud mental. Por Nazareth Castellanos, neurocientífica","Otro","Informal",608813,5,0,0.00743968940112099,1
"18","3gSUV-TqMIA","Día 1, parte 2 | Encuentro Nacional de Salud Mental, Por la Paz y Contra las Adicciones.","Otro","Informal",38,5,0,0.00743968940112099,1
"19","3p-5Qe0rDzk","La importancia de la salud mental","Otro","Informal",117264,8,3.5,0.144709351814699,2
"20","47e9F-LFh40","5 Datos de Salud Mental que Parecen Falsos pero Son Reales🧠 #saludmental #psicologia #datos","Otro","Informal",1150,7,1.16666666666667,0.14334833669579,6
"21","4QW5vqQLugc","AFUERA 🕳️ Evadir la realidad. #malcriada #dreamcore #weirdcore #saludmental","Otro","Informal",24750,7,0.5,0.143595202477912,6
"22","4YpWorY1UgI","La salud mental.","Otro","Informal",1123,5,0,0.00743968940112099,1
"23","5ENQ6HN29X0","Raquel Gabriel | Visibilizar problemas de salud mental | Aprender de Grandes #187","Otro","Informal",11126,5,0,0.00743968940112099,1
"24","5jqWuEPe47E","Salud Mental para todos - 16 - El autocuidado personal","Otro","Informal",43860,7,17,0.0219675916687631,3
"25","6AlWR4tLH_E","¿Cuál es la situación de la salud mental en Ecuador? | La Ventana","Otro","Informal",407,5,0,0.00743968940112099,1
"26","6agah0G0ujY","Enfermería de Salud Mental en centros especializados","Otro","Informal",69379,5,0,0.00743968940112099,1
"27","8bC1nH0BYEM","SALUD MENTAL DE LOS ADOLESCENTES","Otro","Informal",2029,5,0,0.00743968940112099,1
"28","9MSp3mzLE3M","Salud mental en adolescentes: la realidad chilena | Documentales Mindy","Otro","Informal",31395,5,0,0.00743968940112099,1
"29","ACsFbMgIDnM","Redes Sociales, Populismo y Salud Mental con Macario Schettino - Episodio 30 de Mente al Cuadrado","Podcast","Informal",45491,5,0,0.00743968940112099,1
"30","BrVaOiWfJxg","La SALUD MENTAL de los MEDICOS no importa a la EMPRESA #ocurrenciasdrreyner","Otro","Informal",722,6,0.2,0.166666666666667,4
"31","Bsr8yqvasAQ","¿Qué es la salud mental?","Otro","Informal",7719,5,0,0.00743968940112099,1
"32","CtlIx5_VB2o","97% de satisfacción: cómo un centro de salud mental está cambiando vidas","Otro","Informal",209,9,1.33333333333333,0.11527772402473,5
"33","DGJ9Zo0BAYY","43 Aniversario de la Unidad Integral de Salud Mental y Adicciones &quot;UNISAMA CUAUHTÉMOC&quot;.","Otro","Informal",18,5,0,0.00743968940112099,1
"34","DKp_JJ9oP5s","¿Por qué vapear es perjudicial para mi salud mental?","Otro","Informal",97882,5,0,0.00743968940112099,1
"35","E6YP6_mB5Fc","Salud mental","Otro","Informal",19901,5,0,0.00743968940112099,1
"36","G5qf3TbovsU","PREOCUPACIÓN en el RÉGIMEN por SALUD MENTAL del DICTADOR","Otro","Informal",294634,5,0,0.00743968940112099,1
"37","GGWbaFrjGN0","La Rutina Anti Ansiedad que Cambió Mi Día#anxiety #mindfulness #ansiedad#rutina","Otro","Informal",120,6,0.25,0.0199290965051105,7
"38","H4SyL_WCwbA","La VERDAD sobre su SALUD MENTAL en la CASA de los famosos - Entrevista RICARDO PERALTA","Otro","Informal",87184,7,2,0.0697557939394851,8
"39","HD42iZam3KA","Neurofeedback: la tecnología que está revolucionando la salud mental en Aguascalientes #podcast","Podcast","Informal",257,5,0,0.00743968940112099,1
"40","Hnq1w0_nT9A","Tu salud mental es muy importante.No lo olvides!! #saludmental #psicologia","Otro","Informal",151,7,1.16666666666667,0.14334833669579,6
"41","I6Qno-SraMc","Como vencer la Ansiedad y la Depresión | podcast Jovenes x Cristo","Podcast","Informal",110,6,0.25,0.0199290965051105,7
"42","IDkxoFPlzcI","Banda Nueva Potencia - Salud Mental (Video Oficial)","Música","Informal",33850,7,2,0.0697557939394851,8
"43","Ilm2_javY9g","Morante se sincera sobre sus problemas de salud mental: &quot;sigo sufriendo, no está siendo fácil&quot;","Otro","Informal",813,5,0,0.00743968940112099,1
"44","Iv_3j_0540M","🗣️ LA MADRE DE CHANO, EN DEFENSA DE LA SALUD MENTAL","Otro","Informal",87024,5,0,0.00743968940112099,1
"45","J886__gU6yM","¿Qué es tener una buena salud mental? 🧠🤕#tengounplan","Otro","Informal",28080,5,0,0.00743968940112099,1
"46","KgE9bZc62sI","La salud mental es tan importante como la física ❤️❤️❤️❤️","Otro","Informal",500470,5,0,0.00743968940112099,1
"47","KqNz5eVb6Po","Todo lo Que Necesitas Saber Sobre Tu SALUD MENTAL En La ACTUALIDAD [Dra Marian Rojas]","Otro","Informal",36308,5,0,0.00743968940112099,1
"48","MTPRChm5qtM","La Ley de Salud Mental es una realidad | Noticias UNO","Otro","Informal",35991,6,0,0.0198610464714956,7
"49","Mq-PF6DCQXQ","Pensamiento positivo=SALUD MENTAL🧠💯 #exito #motivacional #saludmental #crecimientopersonal #parati","Otro","Informal",616001,5,0,0.127975243659134,2
"50","NHi-amMdm54","No vayas a terapia sin saber esto👆🏼 | #saludmental #terapia #redflags #psicología","Otro","Informal",106357,5,0,0.111557524429482,6
"51","NhefgtBKzys","La #depresión endógena. #saludmental #conocimiento #bienestar #mente #cerebro #salud #ansiedad #amor","Otro","Informal",130012,5,162,0.0333165834254629,7
"52","O6vNo3v92M8","3.11 ¿Qué más tenemos que saber de salud mental en el deporte? – Con Marifer Vázquez","Otro","Informal",25,5,0,0.00743968940112099,1
"53","OQ4TgeKEOVw","7 VOCES EN SALUD MENTAL Y ESPIRITUAL - Psicología y Fe - Hermana Glenda Oficial","Otro","Informal",109123,5,0,0.00743968940112099,1
"54","OhOFprovqoM","El ejercicio físico mejora tu salud mental | Tu Salud Guía","Otro","Informal",12113,6,0.2,0.166666666666667,4
"55","OmM7eSLtWGA","¿Por qué Instagram afecta tanto nuestra salud mental?","Otro","Informal",17182,9,1.66666666666667,0.0824562097044722,8
"56","P12cFt05sr8","ORACIÓN O TERAPIA? // Salud Mental Cristiana","Religioso","Informal",8313,6,1,0.0198660854455547,7
"57","PM2JTn_MhDY","Maipú: Presidente Gabriel Boric inaugura Centro de Salud Mental Comunitario Lo Errázuriz","Otro","Informal",1921,5,0,0.00743968940112099,1
"58","PsEB_SDb-1A","VACÍO 🕳️ No se llena con nada… O sí?? #malcriada #dreamcore #saludmental","Otro","Informal",14779,5,0,0.111557524429482,6
"59","PtQLstMQgQA","Salud Mental Y Espiritual: La Mejor Entrevista De La Dra Isabel Rojas Estapé (NUEVO 2023)","Otro","Informal",27754,7,1.5,0.127023127740656,2
"60","Q01DTEIg9iU","NO EXISTE la SALUD MENTAL y los DIAGNÓSTICOS son INVENTADOS - José Luis Marín y María Xesús Froxán","Otro","Informal",76485,5,0,0.00743968940112099,1
"61","Q3JdMVVjjrM","Centros de Salud Mental Comunitarios del Minsa","Otro","Informal",14745,5,0,0.00743968940112099,1
"62","QWIetO5kycE","Ep 45- Dr. Pierluigi Mancini, psicólogo y defensor de la salud mental multicultural","Otro","Informal",3036,7,3,0.094027140370478,5
"63","RFEH5MislVA","Rompiendo el Tabú:  Desafíos de la Salud Mental en la Industria Marítima.","Otro","Informal",3,8,11,0.074943819407873,8
"64","Re-zhdNR4Qs","Hablemos de salud mental en el aula","Otro","Informal",4610,5,0,0.00743968940112099,1
"65","RkFitZU6SKQ","Hablemos de Salud Mental","Otro","Informal",13313,7,1.16666666666667,0.14334833669579,6
"66","S4FaTE7ybpA","FIKA UNAD VITAL :Cuidando a los cuidadores: Salud mental de los y las cuidadoras de adultos mayores.","Otro","Informal",0,5,0,0.00743968940112099,1
"67","SRHzVrmQtys","Salmo para proteger tu paz y salud mental #freddydeanda #shorts","Otro","Informal",589565,5,0,0.00743968940112099,1
"68","Sk92EJURWNE","¿Que sabes de la salud mental?","Otro","Informal",8847,7,0,0.0219763841236299,3
"69","T3HnPeZPj4c","PREVENCIÓN Y AUTOCUIDADO EN SALUD MENTAL","Otro","Informal",38,5,0,0.00743968940112099,1
"70","UPSM5YEzqXs","SALUD MENTAL en MEXICO - Ruido Social","Otro","Informal",498333,5,0,0.00743968940112099,1
"71","Uq3WkAlpMWE","Viernes Q&amp;A. #TID","Otro","Informal",671,6,0,0.0198610464714956,7
"72","V-2Lugivnic","NO te castigues más | Mario Alonso Puig | Palabras Que Sanan","Otro","Informal",753,6,1,0.0859483757863843,5
"73","VrT-WDSO1no","Día mundial de la Salud Mental","Otro","Informal",11189,9,1.33333333333333,0.11527772402473,5
"74","Vv82mLWbkaU","CLAVES PARA LA #SALUDMENTAL. Cómo hacer que te pasen cosas buenas! @marian-rojas","Otro","Informal",182372,5,0,0.0962880740433625,5
"75","WNUmBLZyHw0","El estigma en salud mental","Otro","Informal",3187,5,0,0.00743968940112099,1
"76","WjZyfWflNyo","¿Quieres recuperar tu salud FISICA Y MENTAL? Sólo el 1% sabe esto - Dra. Marian Rojas Estapé.","Otro","Informal",66148,9,1.66666666666667,0.0824562097044722,8
"77","WzEL-apOddM","#56 Salud mental en niños y adolescentes, con el Dr. Roberto Chaskel","Otro","Informal",9236,5,0,0.00743968940112099,1
"78","YCcwpnriRNo","México Social - Salud mental en México: desafíos y perspectivas (23/04/2025)","Otro","Informal",1692,5,0,0.00743968940112099,1
"79","YNJLKbAJ3JU","💡 Oxitocina: el remedio olvidado para la salud mental","Otro","Informal",86668,5,0,0.00743968940112099,1
"80","ZFfJhmdSAGE","¿Por qué es importante la salud mental?","Otro","Informal",1888,6,1.66666666666667,0.0660730968567754,8
"81","ZOJwlHXGfjU","Documental: &quot;cerro s/n, Centro de salud mental de Nueva Imperial&quot;","Otro","Informal",24521,5,0,0.00743968940112099,1
"82","ZPwlbO2ejiE","Ep 66- La experta en salud mental Marian Rojas Estapé explica cómo el “scroll infinito” afecta","Otro","Informal",10197,9,1.33333333333333,0.11527772402473,5
"83","_CSTx4Nr_ps","VIDEO: Manejo de crisis de salud mental","Otro","Informal",6790,5,0,0.0590156582780981,8
"84","_IczNStHXbc","Organiza Tus Finanzas y Mejora tu Salud Mental 💸- Inteligencia Emocional","Otro","Informal",287,5,0,0.00743968940112099,1
"85","a3PH7RmvyV4","Curso Salud Mental - Clase 1","Otro","Informal",166,5,0,0.00743968940112099,1
"86","aK9pqk9W94M","El Orden y La Salud Mental - 4 Cosas Para Vivir Mejor","Otro","Informal",259289,5,0,0.00743968940112099,1
"87","abUn39uEflc","mi salud mental mejora cuando logró tener ese tiempo para salir a caminar. #dicaariza #saludmental","Otro","Informal",1123,5,0,0.111408026196214,6
"88","bmVd-Ed_AV4","CHILE en TERAPIA: RADIOGRAFÍA a la SALUD MENTAL| Psicolocos 😵‍💫","Otro","Informal",40256,5,0,0.00743968940112099,1
"89","btvQDr9Fxy8","¿Te borrarías Instagram por salud mental? | Gen Playz","Otro","Informal",63902,5,0,0.00743968940112099,1
"90","cbMSOid5_OY","Salud Mental - Benyah x @rayxmusica  (Video Concept)","Música","Informal",1629,5,0,0.0551650215081901,8
"91","d4kTmRiuwFM","Cuidando la salud mental | Video para niños de preescolar","Otro","Informal",39035,5,0,0.0551650215081901,8
"92","dXPQEczZvi8","Si no haces esto destruirás tu salud mental","Otro","Informal",156941,5,0,0.00743968940112099,1
"93","elNkRQF1itA","Establecer límites es cuidar tu salud mental #Saludablemente #LímitesSanos #RelacionesSaludables","Otro","Informal",1175,5,0,0.00743968940112099,1
"94","f0B94bVSCF4","recuperando el balanceee⭐️ (y mi salud mental) #marianacantu #shorts","Otro","Informal",1585,5,0,0.00743968940112099,1
"95","fXjzsw4K_KU","Cómo olvidar a tu ex sin sufrir más (lo que nadie te dice)#anxiety #mindfulness #ansiedad #amor","Otro","Informal",97,5,0,0.0197639672390158,7
"96","gJfMM5YXt2I","SALUD MENTAL: Afirmaciones Positivas para Sanar Emocionalmente | Bienestar Psicológico y Físico","Otro","Informal",110248,7,0,0.0219763841236299,3
"97","hv3_6zDGfgg","La Breve: claves para cuidar su salud mental","Otro","Informal",329,5,0,0.00743968940112099,1
"98","iHY7cyTzUGQ","😲👀 ¿Qué tanto sabes sobre salud mental? 🤔🧠 | Tu Salud Guía","Otro","Informal",2407,7,0,0.0219763841236299,3
"99","iNYIUqP3438","¿Qué relación tiene la alimentación en la salud mental? | Sana Mente","Otro","Informal",35775,5,0,0.00743968940112099,1
"100","iPZUrfBsGG8","056. Salud mental y enfermedades crónicas.","Otro","Informal",388,5,0,0.00743968940112099,1
"101","iXjWBuX7qpE","SALUD MENTAL en HOMBRES ¿por qué les cuesta tanto? Parte 2 | Martha Debayle","Otro","Informal",52952,5,0,0.00743968940112099,1
"102","ifxpCTCliJE","HISTORIA DE LA SALUD MENTAL","Otro","Informal",6876,5,0,0.00743968940112099,1
"103","ipNPPgNYRH8","ORACION POR LA SALUD MENTAL #oracion #oración #saludmental #saludemocional","Otro","Informal",659,6,16,0.0266132737956286,7
"104","jj-K8DS9IKU","El ejercicio físico nos ayuda con la salud mental","Otro","Informal",74221,5,0,0.00743968940112099,1
"105","jprJhQ43f9U","Salud Mental #psicologia #ansiedad #reflexiones #saludmental","Otro","Informal",2341,6,64,0.0262992277447933,7
"106","kckMb0aUy08","Mesa especial: salud mental en sacerdotes | Hoy quiero hablarte","Otro","Informal",514,5,0,0.00743968940112099,1
"107","kdsSOaU-aak","Podcast Episodio 15 - La salud mental en la #PolicíaEcuador","Podcast","Informal",182,5,0,0.00743968940112099,1
"108","knxCEAKnywA","Tu salud mental está en juego | Victor Küppers #shorts","Otro","Informal",36819,5,0,0.00743968940112099,1
"109","lVZI8YWsXlU","¿Sabes que la salud mental está relacionada con las adicciones?","Otro","Informal",100839,5,0,0.00743968940112099,1
"110","mHNcmpGFjq4","Yo También Tenia PROBLEMAS de Salud Mental, Antes De Empezar a Buscar AYUDA  [Marian Rojas] ¡NUEVO!","Otro","Informal",1191030,5,3,0.0606169337822549,8
"111","mKA8HbMvI2M","V. Completa. Criar con salud mental. María Velasco, psiquiatra infantojuvenil","Otro","Informal",651070,5,0,0.0194541808653587,7
"112","mlMmn3geTKU","OLA DE CALOR | El calor extremo afecta gravemente a la salud mental","Otro","Informal",1056,6,0.2,0.166666666666667,4
"113","n4rX912EvFo","Descubre el poder de la respiración para sentirte mejor","Otro","Informal",391,5,0,0.0087115323199839,1
"114","nTB0w9tyNtc","Más allá del rosa- ¿Qué hago con mi ansiedad y mis traumas? con Fabiola Cuevas","Otro","Informal",298847,6,0.25,0.0199290965051105,7
"115","om9IPlTNSwk","Cuando la salud mental es hasta más importante que la física al buscar pareja. La Dra. Amor aconseja","Otro","Informal",163,5,0,0.00743968940112099,1
"116","oxdAz2FuoHE","Robert Enke y la importancia de la salud mental #robertenke #saludmental #elefutbol","Otro","Informal",525149,6,1,0.128260793865598,2
"117","q0WbKHajXsQ","La importancia de la salud mental en las relaciones de pareja","Otro","Informal",263,5,0,0.11997067633965,2
"118","qc6siUcLNvs","🚨 RICARDO PERALTA: Mi SALUD MENTAL se ROMPIÓ 🤯 | #Diagnóstico 113 | Mr Doctor","Otro","Informal",701452,6,0.2,0.166666666666667,4
"119","qyVzwTcm4pQ","Salud mental psicoespiritual @humanizadoscolombia  ​","Otro","Informal",949,5,0,0.00743968940112099,1
"120","r9ltvNVnA98","¿Cómo Cuidar tu Salud Mental si Eres Cristiano? (Ansiedad, Depresión, etc) // +Salud // Carlos Erazo","Religioso","Informal",375355,5,64,0.0254343404289916,7
"121","s4kx9UdjF_k","Cuida Tu Salud Mental | Frases de Abuela sobre Soltar y Cuidarte","Otro","Informal",55537,5,0,0.00743968940112099,1
"122","sEFtWblz114","🧠¿Cómo afectan las FINANZAS a la SALUD MENTAL?💵¿Estás listo para cambiar?😊","Otro","Informal",97,5,0,0.0793630169359882,5
"123","sFfxExoU2Kw","Hablemos de Salud Mental","Otro","Informal",287285,5,0,0.125339270549184,2
"124","sGk3mrt6cM8","5 Hábitos para tener una Salud Mental del 1% - Dr. Mora (Psiquiatra)","Otro","Informal",787168,5,0,0.142857142857143,4
"125","sSirgfQb7oA","Tertulia Saurológica Cap 25 - La Salud Mental en Base a la Saurología - Leta Yangós","Otro","Informal",1351,7,2,0.0697557939394851,8
"126","sVzTT8MpgaY","Cuidar Palabras: Impacto Profundo en la Salud Mental #shorts","Otro","Informal",117,5,0,0.00743968940112099,1
"127","t3MW2SOGkQU","¿Mejorar tu Salud Mental? Realiza estas ACCIONES","Otro","Informal",4003,5,6,0.0687965646048155,8
"128","tNQbp7MJUMk","Beneficios que aporta a tu salud mental tener un gato en casa","Otro","Informal",14957,5,0,0.00743968940112099,1
"129","tyv4sgj4lNs","Salud Mental - Gloriana Montero | Prédicas Cristianas 2023","Religioso","Informal",456451,5,0,0.00743968940112099,1
"130","v3xXZ-RzgBk","Un problema de SALUD MENTAL pudo ser el responsable del accidente de Air India","Otro","Informal",153753,5,0,0.142857142857143,4
"131","v8RsxCdmr2k","Salud Mental: Cómo Gestionar la Presión Social (Consejos)","Otro","Informal",921,6,0,0.0858992315231765,5
"132","vcXziU_jKb4","Salud mental y Autoestima: Aprender a vivir Sesión #1: Soy responsable de mi propio bienestar","Otro","Informal",1930,6,16,0.0214884454731954,3
"133","w0T_beJZAKc","Y si hacemos que hablar de #saludmental sea #viral ? #ansiedad #garras #nuevamusica #nasahistoires","Música","Informal",16688,7,16,0.0269973027608949,7
"134","w0Z1fXZYySw","Señales de Alerta: Salud Mental y Bienestar Emocional #shorts","Otro","Informal",752,6,0,0.0162631102119954,3
"135","x9-gDI554xM","✨ SALUD MENTAL SIN TABÚES","Otro","Informal",1290,5,0,0.00743968940112099,1
"136","xAF2ngyhj_I","Cómo vencer un bloqueo emocional","Otro","Informal",140547,6,1,0.0860412828135423,5
"137","y8Wst8ZuF2s","Promoción y Prevención de la Salud Mental | Pautas","Otro","Informal",482,5,0,0.0160011253469472,3
"138","yQDADFbPzsU","Mi salud mental en el trabajo cuelga de un hilo 🫠","Otro","Informal",396697,5,0,0.00743968940112099,1
"139","yRCHy8TGpDI","Vamos a trabajar en la salud mental","Otro","Informal",428,5,0,0.00743968940112099,1
"140","zdVzOTkg5P0","“Semillas del Bienestar”. Tema: &quot;Salud mental y derechos humanos&quot;","Otro","Informal",12075,5,0,0.0087115323199839,1
